code,date,region,area,1day_cases_100k,new_cases,new_deaths,new_deaths_100k,total_cases,total_deaths,cfr%,total_cases_100k,total_deaths_100k,%infected,population,7day_cases_100k,7day_cases_change,28day_cases_100k,28day_cases_change
GM0183,2021-07-24,Twente,Tubbergen,32.9,7,0,0.0,3390,19,0.56,15931.2,89.29,15.93,21279,545.14,-75.19,1903.3,28.2
GM0384,2021-07-24,Amsterdam-Amstelland,Diemen,61.73,19,0,0.0,3648,36,0.99,11851.47,116.96,11.85,30781,539.29,-25.99,1799.83,51.98
GM1942,2021-07-24,Gooi en Vechtstreek,Gooise Meren,46.52,27,0,0.0,5897,35,0.59,10160.06,60.3,10.16,58041,528.94,-41.35,1454.17,43.07
GM0575,2021-07-24,Hollands Midden,Noordwijk,75.81,33,0,0.0,4828,23,0.48,11091.71,52.84,11.09,43528,521.49,13.78,1642.6,66.62
GM0553,2021-07-24,Hollands Midden,Lisse,34.85,8,0,0.0,2372,17,0.72,10332.36,74.05,10.33,22957,505.3,-34.85,1302.46,26.14
GM0416,2021-07-24,Noord-Holland-Noord,Langedijk,42.62,12,0,0.0,2904,16,0.55,10313.6,56.82,10.31,28157,504.31,-24.86,1097.4,31.97
GM0613,2021-07-24,Rotterdam-Rijnmond,Albrandswaard,54.71,14,0,0.0,3351,23,0.69,13095.47,89.88,13.1,25589,500.21,-39.08,1199.74,54.71
GM0786,2021-07-24,Brabant-Noord,Grave,72.36,9,0,0.0,1561,24,1.54,12551.26,192.97,12.55,12437,474.39,16.08,860.31,72.36
GM0758,2021-07-24,Midden-en-West-Brabant,Breda,43.96,81,0,0.0,19594,147,0.75,10633.25,79.77,10.63,184271,473.22,-111.25,1677.96,36.36
GM0994,2021-07-24,Zuid-Limburg,Valkenburg aan de Geul,24.45,4,0,0.0,1444,23,1.59,8826.41,140.59,8.83,16360,470.65,-42.79,837.37,24.45
GM0743,2021-07-24,Brabant-Zuidoost,Asten,89.64,15,0,0.0,1846,18,0.98,11031.43,107.57,11.03,16734,466.12,-29.88,902.36,89.64
GM0986,2021-07-24,Zuid-Limburg,Voerendaal,64.15,8,0,0.0,1143,11,0.96,9165.26,88.2,9.17,12471,465.09,0.0,729.71,48.11
GM0363,2021-07-24,Amsterdam-Amstelland,Amsterdam,41.02,358,0,0.0,105346,818,0.78,12070.18,93.72,12.07,872779,462.55,-87.99,1866.32,37.24
GM0398,2021-07-24,Noord-Holland-Noord,Heerhugowaard,53.83,31,0,0.0,6293,38,0.6,10926.86,65.98,10.93,57592,458.41,-17.36,906.4,53.83
GM1525,2021-07-24,Hollands Midden,Teylingen,40.08,15,0,0.0,4365,25,0.57,11663.02,66.8,11.66,37426,451.55,-10.69,1266.48,32.06
GM0599,2021-07-24,Rotterdam-Rijnmond,Rotterdam,36.08,235,0,0.0,89186,973,1.09,13691.94,149.38,13.69,651376,445.99,-80.75,1519.74,31.01
GM0376,2021-07-24,Gooi en Vechtstreek,Blaricum,52.01,6,0,0.0,1149,6,0.52,9960.12,52.01,9.96,11536,442.09,-8.67,1196.27,52.01
GM0748,2021-07-24,Midden-en-West-Brabant,Bergen op Zoom,54.82,37,0,0.0,7481,44,0.59,11084.77,65.2,11.08,67489,441.56,-31.12,1108.34,50.37
GM0779,2021-07-24,Midden-en-West-Brabant,Geertruidenberg,65.0,14,0,0.0,2547,25,0.98,11825.61,116.07,11.83,21538,441.07,18.57,863.57,65.0
GM0392,2021-07-24,Kennemerland,Haarlem,58.3,95,1,0.61,15171,151,1.0,9309.59,92.66,9.31,162961,434.45,-39.88,1313.8,52.16
GM0014,2021-07-24,Groningen,Groningen,36.49,85,0,0.0,19168,45,0.23,8229.36,19.32,8.23,232922,431.47,-76.85,2321.81,33.91
GM1774,2021-07-24,Twente,Dinkelland,34.0,9,0,0.0,3527,35,0.99,13324.52,132.23,13.32,26470,430.67,-22.67,1303.36,7.55
GM0209,2021-07-24,Gelderland-Zuid,Beuningen,50.21,13,0,0.0,2648,22,0.83,10227.49,84.97,10.23,25891,424.86,-3.86,969.44,42.49
GM0377,2021-07-24,Kennemerland,Bloemendaal,16.97,4,0,0.0,2038,17,0.83,8646.58,72.13,8.65,23570,424.27,-67.88,1544.34,12.73
GM0168,2021-07-24,Twente,Losser,30.86,7,0,0.0,2914,34,1.17,12845.49,149.88,12.85,22685,423.18,-48.49,1128.46,30.86
GM0432,2021-07-24,Noord-Holland-Noord,Opmeer,50.69,6,0,0.0,1377,6,0.44,11633.02,50.69,11.63,11837,422.41,0.0,768.79,50.69
GM0489,2021-07-24,Rotterdam-Rijnmond,Barendrecht,39.0,19,0,0.0,6070,48,0.79,12460.74,98.54,12.46,48713,418.78,-24.64,1205.02,28.74
GM0361,2021-07-24,Noord-Holland-Noord,Alkmaar,38.38,42,0,0.0,10753,85,0.79,9825.12,77.67,9.83,109444,418.48,-59.39,1065.38,33.81
GM0397,2021-07-24,Kennemerland,Heemstede,51.4,14,0,0.0,2339,60,2.57,8586.95,220.27,8.59,27239,407.5,-14.68,1409.71,51.4
GM0268,2021-07-24,Gelderland-Zuid,Nijmegen,39.96,71,0,0.0,18032,190,1.05,10147.55,106.92,10.15,177698,406.86,-90.6,1346.67,38.27
GM0946,2021-07-24,Limburg-Noord,Nederweert,52.87,9,0,0.0,2401,20,0.83,14105.28,117.5,14.11,17022,405.36,-11.75,681.45,52.87
GM0473,2021-07-24,Kennemerland,Zandvoort,29.21,5,0,0.0,1612,43,2.67,9418.09,251.23,9.42,17116,403.13,-40.9,1156.78,29.21
GM0296,2021-07-24,Gelderland-Zuid,Wijchen,58.36,24,0,0.0,4446,60,1.35,10811.21,145.9,10.81,41124,393.94,4.86,766.0,58.36
GM0177,2021-07-24,IJsselland,Raalte,18.56,7,0,0.0,3748,41,1.09,9939.27,108.73,9.94,37709,392.47,-90.17,888.38,18.56
GM0317,2021-07-24,Utrecht,Eemnes,21.63,2,0,0.0,1051,5,0.48,11365.85,54.07,11.37,9247,389.32,-108.14,1319.35,21.63
GM0796,2021-07-24,Brabant-Noord,'s-Hertogenbosch,34.81,54,1,0.64,18687,172,0.92,12047.35,110.89,12.05,155113,384.87,-55.45,1027.01,32.88
GM1586,2021-07-24,Noord-en-Oost-Gelderland,Oost Gelre,23.63,7,0,0.0,3214,41,1.28,10849.68,138.41,10.85,29623,381.46,-37.13,1093.75,20.25
GM0202,2021-07-24,Gelderland-Midden,Arnhem,37.8,61,0,0.0,14481,126,0.87,8973.9,78.08,8.97,161368,379.25,-23.55,891.77,37.18
GM0988,2021-07-24,Limburg-Noord,Weert,67.85,34,0,0.0,6601,69,1.05,13173.81,137.71,13.17,50107,379.18,15.96,838.22,65.85
GM1684,2021-07-24,Brabant-Noord,Cuijk,39.78,10,0,0.0,2853,27,0.95,11348.9,107.4,11.35,25139,377.89,-35.8,712.03,35.8
GM0358,2021-07-24,Amsterdam-Amstelland,Aalsmeer,40.81,13,0,0.0,3703,26,0.7,11623.82,81.61,11.62,31857,376.68,-53.36,1679.38,34.53
GM0502,2021-07-24,Rotterdam-Rijnmond,Capelle aan den IJssel,31.27,21,0,0.0,8628,145,1.68,12848.65,215.93,12.85,67151,375.27,-59.57,1024.58,28.29
GM0935,2021-07-24,Zuid-Limburg,Maastricht,48.54,59,0,0.0,11539,198,1.72,9492.59,162.89,9.49,121558,373.48,-45.24,1150.89,46.89
GM1903,2021-07-24,Zuid-Limburg,Eijsden-Margraten,38.83,10,0,0.0,2342,47,2.01,9094.09,182.5,9.09,25753,372.78,-11.65,803.8,38.83
GM0851,2021-07-24,Midden-en-West-Brabant,Steenbergen,32.65,8,0,0.0,2512,19,0.76,10252.64,77.55,10.25,24501,371.41,-53.06,885.66,20.41
GM0530,2021-07-24,Rotterdam-Rijnmond,Hellevoetsluis,44.82,18,0,0.0,3840,43,1.12,9562.23,107.08,9.56,40158,371.02,19.92,697.21,39.84
GM1742,2021-07-24,Twente,Rijssen-Holten,34.05,13,0,0.0,5148,54,1.05,13484.21,141.44,13.48,38178,369.32,-60.25,1005.83,31.43
GM1719,2021-07-24,Midden-en-West-Brabant,Drimmelen,29.33,8,0,0.0,2849,30,1.05,10445.85,109.99,10.45,27274,362.98,-91.66,989.94,29.33
GM1621,2021-07-24,Rotterdam-Rijnmond,Lansingerland,19.23,12,0,0.0,7200,63,0.88,11539.2,100.97,11.54,62396,360.6,-56.1,924.73,9.61
GM0845,2021-07-24,Brabant-Noord,Sint-Michielsgestel,30.82,9,0,0.0,3543,34,0.96,12132.32,116.43,12.13,29203,359.56,-34.24,838.94,20.55
GM0225,2021-07-24,Gelderland-Zuid,Druten,52.86,10,0,0.0,2071,27,1.3,10947.25,142.72,10.95,18918,359.45,5.29,1051.92,52.86
GM0855,2021-07-24,Midden-en-West-Brabant,Tilburg,32.99,73,0,0.0,26569,277,1.04,12007.77,125.19,12.01,221265,358.39,-56.04,1049.86,28.92
GM1783,2021-07-24,Haaglanden,Westland,61.62,68,0,0.0,14909,86,0.58,13509.79,77.93,13.51,110357,357.93,19.03,815.54,58.0
GM0441,2021-07-24,Noord-Holland-Noord,Schagen,27.97,13,0,0.0,4912,58,1.18,10567.53,124.78,10.57,46482,357.13,-32.27,699.17,19.36
GM0534,2021-07-24,Hollands Midden,Hillegom,13.51,3,0,0.0,2009,18,0.9,9046.29,81.05,9.05,22208,355.73,-45.03,995.15,9.01
GM1966,2021-07-24,Groningen,Het Hogeland,35.54,17,0,0.0,3947,20,0.51,8251.45,41.81,8.25,47834,355.39,-27.18,838.28,27.18
GM0402,2021-07-24,Gooi en Vechtstreek,Hilversum,29.71,27,0,0.0,7931,86,1.08,8726.6,94.63,8.73,90883,353.19,-47.31,1169.61,24.21
GM0263,2021-07-24,Gelderland-Zuid,Maasdriel,15.98,4,0,0.0,3802,42,1.1,15187.35,167.77,15.19,25034,351.52,-59.92,886.76,0.0
GM0938,2021-07-24,Zuid-Limburg,Meerssen,63.72,12,0,0.0,1607,23,1.43,8533.35,122.13,8.53,18832,350.46,15.93,764.64,63.72
GM0546,2021-07-24,Hollands Midden,Leiden,35.15,44,0,0.0,12731,70,0.55,10170.64,55.92,10.17,125174,349.1,-23.97,1573.01,27.16
GM1721,2021-07-24,Brabant-Noord,Bernheze,60.81,19,0,0.0,4063,78,1.92,13002.85,249.62,13.0,31247,348.83,6.4,656.05,57.61
GM1926,2021-07-24,Haaglanden,Pijnacker-Nootdorp,23.5,13,0,0.0,5944,38,0.64,10743.01,68.68,10.74,55329,348.82,-18.07,952.48,21.69
GM0096,2021-07-24,Fryslân,Vlieland,0.0,0,0,0.0,74,0,0.0,6423.61,0.0,6.42,1152,347.23,0.0,520.85,0.0
GM0439,2021-07-24,Zaanstreek-Waterland,Purmerend,22.16,18,0,0.0,9018,84,0.93,11101.4,103.41,11.1,81233,345.92,-17.23,1058.66,19.7
GM0762,2021-07-24,Brabant-Zuidoost,Deurne,58.51,19,0,0.0,4009,42,1.05,12345.26,129.33,12.35,32474,344.89,-58.51,689.79,58.51
GM0450,2021-07-24,Kennemerland,Uitgeest,21.98,3,0,0.0,1445,7,0.48,10586.86,51.29,10.59,13649,344.35,0.0,996.44,21.98
GM0437,2021-07-24,Amsterdam-Amstelland,Ouder-Amstel,35.64,5,0,0.0,1488,5,0.34,10606.6,35.64,10.61,14029,342.16,-64.15,1582.44,35.64
GM0383,2021-07-24,Noord-Holland-Noord,Castricum,44.46,16,0,0.0,3471,24,0.69,9644.88,66.69,9.64,35988,341.77,-38.9,864.19,44.46
GM1945,2021-07-24,Gelderland-Zuid,Berg en Dal,37.15,13,0,0.0,3500,51,1.46,10002.86,145.76,10.0,34990,340.09,-34.3,731.63,37.15
GM0453,2021-07-24,Kennemerland,Velsen,36.41,25,0,0.0,7704,90,1.17,11220.51,131.08,11.22,68660,339.35,-23.3,1057.38,34.95
GM0826,2021-07-24,Midden-en-West-Brabant,Oosterhout,41.08,23,0,0.0,5746,37,0.64,10262.55,66.08,10.26,55990,337.56,-71.44,943.02,35.72
GM0394,2021-07-24,Kennemerland,Haarlemmermeer,39.09,61,0,0.0,15854,110,0.69,10160.28,70.5,10.16,156039,337.09,-17.31,1047.19,35.89
GM0629,2021-07-24,Haaglanden,Wassenaar,45.78,12,0,0.0,2329,31,1.33,8884.57,118.26,8.88,26214,335.71,11.45,850.68,45.78
GM0342,2021-07-24,Utrecht,Soest,30.04,14,0,0.0,4466,47,1.05,9582.25,100.84,9.58,46607,334.7,-70.8,950.48,27.89
GM1507,2021-07-24,Limburg-Noord,Horst aan de Maas,35.35,15,0,0.0,6180,66,1.07,14564.14,155.54,14.56,42433,332.28,-37.71,643.38,35.35
GM1709,2021-07-24,Midden-en-West-Brabant,Moerdijk,37.7,14,0,0.0,3819,41,1.07,10283.82,110.4,10.28,37136,331.21,-48.47,778.22,29.62
GM0307,2021-07-24,Utrecht,Amersfoort,30.52,48,0,0.0,15887,139,0.87,10101.16,88.38,10.1,157279,327.44,-36.24,923.82,26.71
GM0638,2021-07-24,Hollands Midden,Zoeterwoude,46.45,4,0,0.0,929,1,0.11,10788.53,11.61,10.79,8611,325.16,11.61,766.46,46.45
GM0173,2021-07-24,Twente,Oldenzaal,21.99,7,0,0.0,3686,45,1.22,11579.54,141.37,11.58,31832,323.58,-37.7,835.64,21.99
GM0503,2021-07-24,Haaglanden,Delft,27.98,29,0,0.0,11091,75,0.68,10699.51,72.35,10.7,103659,323.18,-45.34,1462.5,27.02
GM0362,2021-07-24,Amsterdam-Amstelland,Amstelveen,20.72,19,0,0.0,8681,92,1.06,9467.67,100.34,9.47,91691,322.83,-53.44,1387.25,18.54
GM1705,2021-07-24,Gelderland-Midden,Lingewaard,38.62,18,0,0.0,4173,35,0.84,8953.78,75.1,8.95,46606,321.84,-15.02,701.64,38.62
GM0736,2021-07-24,Utrecht,De Ronde Venen,42.74,19,0,0.0,4567,35,0.77,10272.85,78.73,10.27,44457,321.66,-80.98,1129.2,42.74
GM0717,2021-07-24,Zeeland,Veere,22.85,5,0,0.0,1556,7,0.45,7109.89,31.99,7.11,21885,319.86,-86.81,744.8,22.85
GM1652,2021-07-24,Brabant-Zuidoost,Gemert-Bakel,55.33,17,0,0.0,3144,38,1.21,10232.71,123.68,10.23,30725,315.7,-3.25,608.58,52.08
GM1842,2021-07-24,Haaglanden,Midden-Delfland,62.03,12,0,0.0,2194,14,0.64,11342.02,72.37,11.34,19344,315.35,31.01,785.81,62.03
GM0785,2021-07-24,Midden-en-West-Brabant,Goirle,25.1,6,0,0.0,2694,36,1.34,11269.14,150.59,11.27,23906,313.74,-50.19,916.1,20.92
GM0501,2021-07-24,Rotterdam-Rijnmond,Brielle,52.08,9,0,0.0,1783,10,0.56,10317.09,57.86,10.32,17282,312.46,34.72,624.94,52.08
GM1598,2021-07-24,Noord-Holland-Noord,Koggenland,13.19,3,0,0.0,2854,24,0.84,12543.95,105.49,12.54,22752,312.07,-30.76,883.47,8.79
GM0542,2021-07-24,Rotterdam-Rijnmond,Krimpen aan den IJssel,30.47,9,0,0.0,3982,71,1.78,13483.22,240.41,13.48,29533,311.51,-54.18,863.44,30.47
GM0252,2021-07-24,Gelderland-Zuid,Heumen,48.63,8,0,0.0,1552,19,1.22,9434.65,115.5,9.43,16450,310.03,-12.16,808.53,48.63
GM0399,2021-07-24,Noord-Holland-Noord,Heiloo,25.03,6,0,0.0,2064,15,0.73,8609.33,62.57,8.61,23974,308.67,-41.71,1455.74,25.03
GM0293,2021-07-24,Gelderland-Midden,Westervoort,26.71,4,0,0.0,1278,9,0.7,8535.36,60.11,8.54,14973,307.21,6.67,674.55,26.71
GM0093,2021-07-24,Fryslân,Terschelling,40.91,2,0,0.0,276,2,0.72,5645.33,40.91,5.65,4889,306.81,0.0,552.24,40.91
GM0579,2021-07-24,Hollands Midden,Oegstgeest,4.03,1,0,0.0,2202,31,1.41,8863.66,124.78,8.86,24843,305.92,-52.32,921.8,4.03
GM0944,2021-07-24,Limburg-Noord,Mook en Middelaar,50.97,4,0,0.0,672,11,1.64,8563.78,140.18,8.56,7847,305.84,-25.49,637.17,50.97
GM1674,2021-07-24,Midden-en-West-Brabant,Roosendaal,29.78,23,0,0.0,8383,75,0.89,10855.15,97.12,10.86,77226,304.31,-42.73,723.83,20.72
GM0879,2021-07-24,Midden-en-West-Brabant,Zundert,32.08,7,0,0.0,1872,17,0.91,8578.89,77.91,8.58,21821,302.47,-64.16,797.42,32.08
GM0396,2021-07-24,Kennemerland,Heemskerk,35.73,14,0,0.0,4341,32,0.74,11077.37,81.66,11.08,39188,301.12,-12.75,931.45,33.18
GM0373,2021-07-24,Noord-Holland-Noord,Bergen (NH.),23.46,7,0,0.0,2760,38,1.38,9248.09,127.33,9.25,29844,298.22,-33.5,844.37,23.46
GM0200,2021-07-24,Noord-en-Oost-Gelderland,Apeldoorn,29.3,48,0,0.0,14069,148,1.05,8587.61,90.34,8.59,163829,295.43,-58.6,878.33,28.69
GM0794,2021-07-24,Brabant-Zuidoost,Helmond,34.62,32,0,0.0,11990,85,0.71,12971.7,91.96,12.97,92432,295.36,-46.52,943.4,31.37
GM0448,2021-07-24,Noord-Holland-Noord,Texel,29.47,4,0,0.0,687,4,0.58,5061.52,29.47,5.06,13573,294.71,7.37,758.88,29.47
GM0321,2021-07-24,Utrecht,Houten,31.91,16,0,0.0,4671,51,1.09,9314.8,101.7,9.31,50146,293.15,-45.86,949.25,29.92
GM0772,2021-07-24,Brabant-Zuidoost,Eindhoven,32.42,76,0,0.0,25373,356,1.4,10822.07,151.84,10.82,234456,291.74,-52.46,1016.43,29.86
GM1696,2021-07-24,Gooi en Vechtstreek,Wijdemeren,32.84,8,0,0.0,2193,18,0.82,9002.46,73.89,9.0,24360,291.46,-32.84,944.2,28.73
GM0784,2021-07-24,Midden-en-West-Brabant,Gilze en Rijen,18.91,5,0,0.0,2853,19,0.67,10791.29,71.87,10.79,26438,291.24,-45.39,722.42,18.91
GM0865,2021-07-24,Brabant-Noord,Vught,22.28,7,0,0.0,3538,53,1.5,11258.91,168.66,11.26,31424,289.59,-66.82,862.38,22.28
GM1969,2021-07-24,Groningen,Westerkwartier,15.78,10,0,0.0,3905,25,0.64,6161.74,39.45,6.16,63375,288.77,-52.07,850.5,15.78
GM1904,2021-07-24,Utrecht,Stichtse Vecht,50.83,33,0,0.0,6444,69,1.07,9924.84,106.27,9.92,64928,288.01,-12.32,928.73,41.59
GM0214,2021-07-24,Gelderland-Zuid,Buren,48.61,13,0,0.0,2692,20,0.74,10066.56,74.79,10.07,26742,287.94,0.0,590.86,48.61
GM1930,2021-07-24,Rotterdam-Rijnmond,Nissewaard,25.81,22,0,0.0,9495,99,1.04,11139.53,116.15,11.14,85237,287.42,-9.39,611.22,19.94
GM0344,2021-07-24,Utrecht,Utrecht,29.91,107,0,0.0,39195,251,0.64,10957.69,70.17,10.96,357694,286.0,-67.38,1720.45,25.44
GM0310,2021-07-24,Utrecht,De Bilt,41.74,18,0,0.0,4133,78,1.89,9583.99,180.87,9.58,43124,285.22,-51.02,1113.07,41.74
GM1960,2021-07-24,Gelderland-Zuid,West Betuwe,39.06,20,0,0.0,6397,61,0.95,12494.63,119.15,12.49,51198,285.16,-15.63,855.51,39.06
GM0965,2021-07-24,Zuid-Limburg,Simpelveld,37.91,4,0,0.0,952,9,0.95,9021.99,85.29,9.02,10552,284.3,-28.43,492.81,37.91
GM0213,2021-07-24,Noord-en-Oost-Gelderland,Brummen,53.0,11,0,0.0,1675,18,1.07,8069.96,86.72,8.07,20756,284.25,-9.63,790.13,53.0
GM0417,2021-07-24,Gooi en Vechtstreek,Laren,26.61,3,0,0.0,1155,26,2.25,10244.81,230.62,10.24,11274,283.84,-70.96,1330.5,26.61
GM0147,2021-07-24,Twente,Borne,25.74,6,0,0.0,2699,38,1.41,11577.23,163.0,11.58,23313,283.1,-4.29,763.54,21.45
GM0086,2021-07-24,Fryslân,Opsterland,30.26,9,0,0.0,1956,8,0.41,6576.56,26.9,6.58,29742,282.43,-33.62,749.76,30.26
GM0479,2021-07-24,Zaanstreek-Waterland,Zaanstad,21.7,34,0,0.0,16974,176,1.04,10831.4,112.31,10.83,156711,282.05,-14.03,833.39,20.42
GM0153,2021-07-24,Twente,Enschede,21.29,34,0,0.0,15833,175,1.11,9912.1,109.56,9.91,159734,281.73,-25.66,967.23,13.15
GM0163,2021-07-24,Twente,Hellendoorn,19.49,7,0,0.0,4581,51,1.11,12752.28,141.97,12.75,35923,281.16,-27.83,732.1,19.49
GM0537,2021-07-24,Hollands Midden,Katwijk,27.37,18,0,0.0,9159,59,0.64,13929.19,89.73,13.93,65754,279.83,7.6,559.65,25.85
GM0518,2021-07-24,Haaglanden,'s-Gravenhage,31.0,169,0,0.0,59244,556,0.94,10867.21,101.99,10.87,545163,279.36,-10.64,847.27,27.15
GM0370,2021-07-24,Zaanstreek-Waterland,Beemster,19.95,2,0,0.0,1006,3,0.3,10034.91,29.93,10.03,10025,279.31,-9.98,1017.51,19.95
GM1894,2021-07-24,Limburg-Noord,Peel en Maas,46.06,20,0,0.0,5222,85,1.63,12026.72,195.76,12.03,43420,278.68,-20.73,626.43,43.76
GM0415,2021-07-24,Zaanstreek-Waterland,Landsmeer,69.61,8,0,0.0,1301,6,0.46,11320.92,52.21,11.32,11492,278.45,-8.71,1113.81,69.61
GM0766,2021-07-24,Midden-en-West-Brabant,Dongen,26.69,7,0,0.0,3230,25,0.77,12316.02,95.33,12.32,26226,278.34,-45.76,861.75,19.06
GM0431,2021-07-24,Zaanstreek-Waterland,Oostzaan,10.27,1,0,0.0,1038,8,0.77,10664.75,82.19,10.66,9733,277.41,0.0,924.66,10.27
GM1892,2021-07-24,Hollands Midden,Zuidplas,41.01,18,0,0.0,5194,47,0.9,11833.05,107.08,11.83,43894,275.67,-34.17,827.0,36.45
GM0050,2021-07-24,Flevoland,Zeewolde,17.66,4,0,0.0,1912,14,0.73,8439.27,61.79,8.44,22656,273.66,0.0,573.8,13.25
GM0406,2021-07-24,Gooi en Vechtstreek,Huizen,24.23,10,0,0.0,4417,53,1.2,10701.91,128.41,10.7,41273,271.36,-26.65,797.11,19.38
GM0034,2021-07-24,Flevoland,Almere,32.1,68,0,0.0,21384,96,0.45,10094.41,45.32,10.09,211840,270.97,-12.27,690.6,32.1
GM0797,2021-07-24,Brabant-Noord,Heusden,31.32,14,0,0.0,5649,50,0.89,12637.87,111.86,12.64,44699,270.69,-24.61,644.3,31.32
GM0668,2021-07-24,Gelderland-Zuid,West Maas en Waal,25.88,5,0,0.0,2153,19,0.88,11143.89,98.34,11.14,19320,269.15,-10.35,869.58,15.53
GM0222,2021-07-24,Noord-en-Oost-Gelderland,Doetinchem,15.51,9,0,0.0,5291,29,0.55,9121.0,49.99,9.12,58009,268.93,-39.65,718.87,15.51
GM0164,2021-07-24,Twente,Hengelo,13.56,11,0,0.0,7919,68,0.86,9758.83,83.8,9.76,81147,268.66,-22.18,723.37,8.63
GM0971,2021-07-24,Zuid-Limburg,Stein,48.0,12,0,0.0,2511,24,0.96,10044.0,96.0,10.04,25000,268.0,8.0,496.0,48.0
GM0289,2021-07-24,Gelderland-Midden,Wageningen,30.25,12,0,0.0,3467,42,1.21,8738.94,105.87,8.74,39673,267.2,-32.77,907.43,27.73
GM1963,2021-07-24,Zuid-Holland-Zuid,Hoeksche Waard,21.72,19,0,0.0,9269,67,0.72,10597.87,76.61,10.6,87461,266.4,-28.59,663.13,16.0
GM0824,2021-07-24,Midden-en-West-Brabant,Oisterwijk,15.57,5,0,0.0,3351,22,0.66,10432.1,68.49,10.43,32122,264.62,-21.79,619.52,9.34
GM1723,2021-07-24,Midden-en-West-Brabant,Alphen-Chaam,0.0,0,0,0.0,998,5,0.5,9771.86,48.96,9.77,10213,264.37,-97.91,714.75,0.0
GM0828,2021-07-24,Brabant-Noord,Oss,23.93,22,0,0.0,11404,129,1.13,12404.82,140.32,12.4,91932,264.33,-11.97,518.89,19.58
GM0498,2021-07-24,Noord-Holland-Noord,Drechterland,10.14,2,0,0.0,2328,13,0.56,11807.07,65.93,11.81,19717,263.73,-55.79,720.18,10.14
GM0355,2021-07-24,Utrecht,Zeist,30.8,20,0,0.0,5682,73,1.28,8750.69,112.43,8.75,64932,263.34,-36.96,860.86,21.56
GM0216,2021-07-24,Gelderland-Zuid,Culemborg,27.63,8,0,0.0,2979,22,0.74,10288.02,75.98,10.29,28956,262.47,-6.91,780.49,17.27
GM0385,2021-07-24,Zaanstreek-Waterland,Edam-Volendam,13.81,5,0,0.0,5416,23,0.42,14960.91,63.53,14.96,36201,262.41,-41.44,712.67,2.76
GM1924,2021-07-24,Rotterdam-Rijnmond,Goeree-Overflakkee,59.94,30,0,0.0,5078,90,1.77,10146.06,179.82,10.15,50049,261.74,43.96,675.31,49.95
GM0606,2021-07-24,Rotterdam-Rijnmond,Schiedam,38.1,30,0,0.0,9889,115,1.16,12559.21,146.05,12.56,78739,261.62,-3.81,646.43,35.56
GM0716,2021-07-24,Zeeland,Tholen,27.18,7,0,0.0,3052,30,0.98,11848.75,116.47,11.85,25758,260.11,-23.29,679.39,19.42
GM1658,2021-07-24,Brabant-Zuidoost,Heeze-Leende,80.5,13,0,0.0,1671,13,0.78,10346.75,80.5,10.35,16150,260.07,-12.38,557.26,80.5
GM0777,2021-07-24,Midden-en-West-Brabant,Etten-Leur,38.74,17,0,0.0,4164,38,0.91,9489.52,86.6,9.49,43880,259.81,-9.12,820.45,31.9
GM1667,2021-07-24,Brabant-Zuidoost,Reusel-De Mierden,22.88,3,0,0.0,1735,10,0.58,13234.17,76.28,13.23,13110,259.34,-129.68,770.41,22.88
GM0150,2021-07-24,IJsselland,Deventer,25.81,26,0,0.0,9391,88,0.94,9324.05,87.37,9.32,100718,259.13,-48.66,1047.46,23.82
GM0603,2021-07-24,Haaglanden,Rijswijk,34.91,19,0,0.0,5373,76,1.41,9871.03,139.62,9.87,54432,259.04,-1.83,705.48,34.91
GM0770,2021-07-24,Brabant-Zuidoost,Eersel,20.71,4,0,0.0,2557,26,1.02,13239.1,134.62,13.24,19314,258.89,-5.18,662.79,10.35
GM0226,2021-07-24,Gelderland-Midden,Duiven,39.8,10,0,0.0,2254,14,0.62,8971.5,55.72,8.97,25124,258.7,-15.92,668.64,43.78
GM0798,2021-07-24,Midden-en-West-Brabant,Hilvarenbeek,19.34,3,0,0.0,1742,20,1.15,11228.57,128.92,11.23,15514,257.84,-45.12,689.75,6.45
GM0866,2021-07-24,Brabant-Zuidoost,Waalre,28.65,5,0,0.0,1761,17,0.97,10089.38,97.4,10.09,17454,257.83,-120.31,853.68,28.65
GM0880,2021-07-24,Zaanstreek-Waterland,Wormerland,18.41,3,0,0.0,1721,33,1.92,10558.93,202.47,10.56,16299,257.7,-12.27,926.48,18.41
GM0262,2021-07-24,Noord-en-Oost-Gelderland,Lochem,26.68,9,0,0.0,2460,29,1.18,7293.21,85.98,7.29,33730,254.97,-56.33,756.0,26.68
GM0622,2021-07-24,Rotterdam-Rijnmond,Vlaardingen,35.4,26,0,0.0,9322,91,0.98,12692.49,123.9,12.69,73445,254.61,0.0,580.02,24.51
GM0351,2021-07-24,Utrecht,Woudenberg,44.9,6,0,0.0,1549,8,0.52,11592.58,59.87,11.59,13362,254.45,0.0,531.35,44.9
GM0512,2021-07-24,Zuid-Holland-Zuid,Gorinchem,24.32,9,0,0.0,4527,42,0.93,12232.16,113.49,12.23,37009,253.99,-32.42,837.62,24.32
GM1729,2021-07-24,Zuid-Limburg,Gulpen-Wittem,21.16,3,0,0.0,1235,19,1.54,8711.91,134.03,8.71,14176,253.95,-49.38,529.06,21.16
GM0457,2021-07-24,Gooi en Vechtstreek,Weesp,15.21,3,0,0.0,2240,20,0.89,11353.84,101.37,11.35,19729,253.45,-40.55,1018.83,15.21
GM0531,2021-07-24,Zuid-Holland-Zuid,Hendrik-Ido-Ambacht,12.82,4,0,0.0,3828,32,0.84,12267.66,102.55,12.27,31204,253.18,-9.61,576.84,12.82
GM0847,2021-07-24,Brabant-Zuidoost,Someren,51.61,10,0,0.0,2369,13,0.55,12226.47,67.09,12.23,19376,252.91,20.64,495.49,51.61
GM0637,2021-07-24,Haaglanden,Zoetermeer,27.94,35,0,0.0,12314,70,0.57,9828.95,55.87,9.83,125283,252.22,-16.76,623.36,27.14
GM0141,2021-07-24,Twente,Almelo,24.63,18,0,0.0,8131,59,0.73,11126.16,80.73,11.13,73080,251.78,-10.95,585.68,24.63
GM1916,2021-07-24,Haaglanden,Leidschendam-Voorburg,31.35,24,0,0.0,7254,84,1.16,9475.79,109.73,9.48,76553,250.81,-5.23,828.2,24.82
GM1734,2021-07-24,Gelderland-Midden,Overbetuwe,31.31,15,0,0.0,4161,30,0.72,8685.22,62.62,8.69,47909,250.48,12.52,728.48,20.87
GM0327,2021-07-24,Utrecht,Leusden,23.03,7,0,0.0,2644,24,0.91,8697.65,78.95,8.7,30399,250.01,-65.79,832.26,16.45
GM0840,2021-07-24,Midden-en-West-Brabant,Rucphen,43.72,10,0,0.0,2467,16,0.65,10785.64,69.95,10.79,22873,249.2,-21.86,708.26,39.35
GM0597,2021-07-24,Rotterdam-Rijnmond,Ridderkerk,32.46,15,0,0.0,6263,89,1.42,13555.1,192.62,13.56,46204,248.89,-80.08,776.96,32.46
GM0757,2021-07-24,Brabant-Noord,Boxtel,21.24,7,0,0.0,3774,69,1.83,11450.94,209.36,11.45,32958,248.8,-30.34,591.64,18.21
GM0405,2021-07-24,Noord-Holland-Noord,Hoorn,23.21,17,0,0.0,9036,55,0.61,12338.87,75.1,12.34,73232,248.52,-10.93,619.96,19.11
GM1940,2021-07-24,Fryslân,De Fryske Marren,19.39,10,0,0.0,4045,33,0.82,7844.16,63.99,7.84,51567,248.22,-31.03,806.71,17.45
GM0744,2021-07-24,Midden-en-West-Brabant,Baarle-Nassau,29.15,2,0,0.0,643,4,0.62,9373.18,58.31,9.37,6860,247.8,-58.31,1209.9,-14.58
GM0632,2021-07-24,Utrecht,Woerden,34.42,18,0,0.0,5702,39,0.68,10903.74,74.58,10.9,52294,246.67,-51.63,885.37,34.42
GM1773,2021-07-24,IJsselland,Olst-Wijhe,0.0,0,0,0.0,1491,10,0.67,8169.42,54.79,8.17,18251,246.57,-93.15,794.48,0.0
GM0244,2021-07-24,Noord-en-Oost-Gelderland,Hattem,49.13,6,0,0.0,972,7,0.72,7958.73,57.32,7.96,12213,245.66,0.0,573.2,32.75
GM0983,2021-07-24,Limburg-Noord,Venlo,37.33,38,0,0.0,14415,170,1.18,14160.54,167.0,14.16,101797,245.59,-46.17,684.69,32.42
GM1728,2021-07-24,Brabant-Zuidoost,Bladel,39.23,8,0,0.0,2948,27,0.92,14454.52,132.39,14.45,20395,245.18,-14.7,563.89,19.62
GM1959,2021-07-24,Midden-en-West-Brabant,Altena,32.15,18,0,0.0,7238,68,0.94,12929.62,121.47,12.93,55980,244.73,-35.73,578.78,30.36
GM0299,2021-07-24,Gelderland-Midden,Zevenaar,20.58,9,0,0.0,3616,48,1.33,8267.03,109.74,8.27,43740,244.64,-11.43,546.44,20.58
GM0614,2021-07-24,Rotterdam-Rijnmond,Westvoorne,27.16,4,0,0.0,1224,19,1.55,8310.7,129.01,8.31,14728,244.44,20.37,482.09,20.37
GM0858,2021-07-24,Brabant-Zuidoost,Valkenswaard,19.23,6,0,0.0,3616,63,1.74,11589.74,201.92,11.59,31200,243.6,-48.08,782.1,16.02
GM0353,2021-07-24,Utrecht,IJsselstein,5.86,2,0,0.0,3595,55,1.53,10539.43,161.24,10.54,34110,243.33,-64.5,779.83,2.93
GM0375,2021-07-24,Kennemerland,Beverwijk,24.03,10,0,0.0,4583,42,0.92,11013.39,100.93,11.01,41613,242.71,-36.05,879.53,19.22
GM1659,2021-07-24,Brabant-Zuidoost,Laarbeek,26.63,6,0,0.0,2748,36,1.31,12197.07,159.79,12.2,22530,239.67,-53.26,687.97,26.63
GM0590,2021-07-24,Zuid-Holland-Zuid,Papendrecht,15.56,5,0,0.0,3761,46,1.22,11704.48,143.16,11.7,32133,239.62,-21.78,550.81,12.45
GM0888,2021-07-24,Zuid-Limburg,Beek,50.42,8,0,0.0,1612,12,0.74,10158.81,75.62,10.16,15868,239.49,0.0,478.96,50.42
GM0756,2021-07-24,Brabant-Noord,Boxmeer,27.24,8,0,0.0,3511,45,1.28,11953.97,153.21,11.95,29371,238.32,-44.26,575.36,27.24
GM0482,2021-07-24,Zuid-Holland-Zuid,Alblasserdam,24.8,5,0,0.0,2826,22,0.78,14014.38,109.1,14.01,20165,238.03,-29.75,758.72,9.92
GM0148,2021-07-24,IJsselland,Dalfsen,17.49,5,0,0.0,2480,20,0.81,8675.88,69.97,8.68,28585,237.89,-20.99,514.27,17.49
GM0654,2021-07-24,Zeeland,Borsele,43.98,10,1,4.4,1685,7,0.42,7410.5,30.79,7.41,22738,237.48,39.58,650.89,35.18
GM0388,2021-07-24,Noord-Holland-Noord,Enkhuizen,16.14,3,0,0.0,2038,11,0.54,10961.7,59.17,10.96,18592,236.66,-21.51,586.27,0.0
GM0356,2021-07-24,Utrecht,Nieuwegein,31.52,20,0,0.0,5873,30,0.51,9254.5,47.27,9.25,63461,236.37,-14.18,660.25,29.94
GM1954,2021-07-24,Zuid-Limburg,Beekdaelen,50.03,18,0,0.0,3665,49,1.34,10187.35,136.2,10.19,35976,236.26,16.67,419.74,50.03
GM1706,2021-07-24,Brabant-Zuidoost,Cranendonck,33.07,7,0,0.0,2739,52,1.9,12940.57,245.68,12.94,21166,236.23,-23.62,708.66,33.07
GM0277,2021-07-24,Gelderland-Midden,Rozendaal,0.0,0,0,0.0,121,0,0.0,7096.77,0.0,7.1,1705,234.6,-58.65,762.45,0.0
GM0626,2021-07-24,Hollands Midden,Voorschoten,15.62,4,0,0.0,2089,24,1.15,8159.2,93.74,8.16,25603,234.35,-27.34,804.62,11.71
GM0267,2021-07-24,Gelderland-Midden,Nijkerk,34.74,15,0,0.0,4815,29,0.6,11152.03,67.17,11.15,43176,233.93,-9.27,632.32,34.74
GM1509,2021-07-24,Noord-en-Oost-Gelderland,Oude IJsselstreek,33.0,13,0,0.0,4371,45,1.03,11096.16,114.24,11.1,39392,233.56,-7.62,812.37,30.46
GM0074,2021-07-24,Fryslân,Heerenveen,25.75,13,0,0.0,3162,39,1.23,6262.13,77.24,6.26,50494,231.72,-27.72,740.67,25.75
GM1699,2021-07-24,Drenthe,Noordenveld,22.41,7,0,0.0,1924,25,1.3,6158.38,80.02,6.16,31242,230.47,-38.41,761.79,22.41
GM0610,2021-07-24,Zuid-Holland-Zuid,Sliedrecht,27.76,7,0,0.0,3540,41,1.16,14038.15,162.59,14.04,25217,229.99,3.97,527.44,27.76
GM0893,2021-07-24,Limburg-Noord,Bergen (L.),38.21,5,0,0.0,1675,15,0.9,12800.92,114.64,12.8,13085,229.26,38.21,458.52,30.57
GM0189,2021-07-24,Twente,Wierden,20.46,5,0,0.0,3323,27,0.81,13596.56,110.47,13.6,24440,229.12,-40.91,814.2,12.28
GM0569,2021-07-24,Hollands Midden,Nieuwkoop,20.83,6,0,0.0,3550,22,0.62,12322.54,76.37,12.32,28809,229.09,-41.65,701.14,20.83
GM0072,2021-07-24,Fryslân,Harlingen,31.81,5,0,0.0,908,3,0.33,5776.08,19.08,5.78,15720,229.02,-31.8,483.46,31.81
GM0345,2021-07-24,Utrecht,Veenendaal,33.09,22,0,0.0,8375,75,0.9,12595.69,112.8,12.6,66491,228.59,-9.02,496.29,30.08
GM0331,2021-07-24,Utrecht,Lopik,27.64,4,0,0.0,1721,12,0.7,11892.75,82.92,11.89,14471,228.03,-69.11,594.27,20.73
GM0193,2021-07-24,IJsselland,Zwolle,17.08,22,1,0.78,9139,114,1.25,7093.79,88.49,7.09,128831,225.88,-29.49,690.06,13.98
GM0642,2021-07-24,Zuid-Holland-Zuid,Zwijndrecht,17.88,8,0,0.0,5663,102,1.8,12657.29,227.98,12.66,44741,225.75,-44.7,583.39,15.64
GM0484,2021-07-24,Hollands Midden,Alphen aan den Rijn,20.56,23,0,0.0,12136,116,0.96,10846.46,103.67,10.85,111889,225.23,-7.15,673.9,16.99
GM0308,2021-07-24,Utrecht,Baarn,16.08,4,0,0.0,2421,28,1.16,9733.45,112.57,9.73,24873,225.13,-52.27,735.73,12.06
GM1883,2021-07-24,Zuid-Limburg,Sittard-Geleen,43.28,40,0,0.0,8922,145,1.63,9653.55,156.89,9.65,92422,223.98,5.41,424.14,43.28
GM1771,2021-07-24,Brabant-Zuidoost,Geldrop-Mierlo,12.58,5,0,0.0,4668,28,0.6,11748.42,70.47,11.75,39733,223.98,-80.54,674.48,12.58
GM0852,2021-07-24,Zaanstreek-Waterland,Waterland,34.44,6,0,0.0,1989,15,0.75,11416.6,86.1,11.42,17422,223.86,-11.48,1107.82,34.44
GM1948,2021-07-24,Brabant-Noord,Meierijstad,33.25,27,0,0.0,9482,167,1.76,11677.77,205.67,11.68,81197,222.91,6.16,523.41,33.25
GM0274,2021-07-24,Gelderland-Midden,Renkum,28.66,9,0,0.0,2269,26,1.15,7225.19,82.79,7.23,31404,222.89,-22.29,503.12,25.48
GM0547,2021-07-24,Hollands Midden,Leiderdorp,29.57,8,0,0.0,2516,23,0.91,9298.2,85.0,9.3,27059,221.74,3.7,772.39,22.18
GM0957,2021-07-24,Limburg-Noord,Roermond,20.6,12,0,0.0,6680,61,0.91,11467.02,104.71,11.47,58254,218.02,8.58,502.99,18.88
GM0984,2021-07-24,Limburg-Noord,Venray,36.69,16,0,0.0,5969,49,0.82,13689.11,112.38,13.69,43604,217.86,-11.47,460.95,34.4
GM1685,2021-07-24,Brabant-Noord,Landerd,19.07,3,0,0.0,1978,28,1.42,12574.7,178.0,12.57,15730,216.14,-12.72,476.78,12.71
GM0889,2021-07-24,Limburg-Noord,Beesel,89.0,12,0,0.0,1561,13,0.83,11577.54,96.42,11.58,13483,215.09,29.67,452.42,89.0
GM0228,2021-07-24,Gelderland-Midden,Ede,26.46,31,0,0.0,12728,86,0.68,10863.22,73.4,10.86,117166,214.24,-12.8,645.24,26.46
GM0281,2021-07-24,Gelderland-Zuid,Tiel,40.32,17,0,0.0,4824,73,1.51,11441.85,173.15,11.44,42161,213.46,23.72,521.8,37.95
GM1641,2021-07-24,Limburg-Noord,Maasgouw,20.87,5,0,0.0,2660,36,1.35,11101.84,150.25,11.1,23960,212.87,-12.52,417.36,16.7
GM1952,2021-07-24,Groningen,Midden-Groningen,11.51,7,0,0.0,4088,40,0.98,6723.24,65.79,6.72,60804,212.16,-37.83,550.93,8.22
GM1735,2021-07-24,Twente,Hof van Twente,17.14,6,0,0.0,3926,29,0.74,11212.98,82.83,11.21,35013,211.36,-34.27,731.18,8.57
GM0917,2021-07-24,Zuid-Limburg,Heerlen,24.12,21,0,0.0,7887,126,1.6,9059.58,144.73,9.06,87057,211.35,-5.75,357.25,22.97
GM0088,2021-07-24,Fryslân,Schiermonnikoog,0.0,0,0,0.0,48,2,4.17,5068.64,211.19,5.07,947,211.2,-105.6,316.8,0.0
GM0451,2021-07-24,Amsterdam-Amstelland,Uithoorn,20.36,6,0,0.0,2904,15,0.52,9855.43,50.91,9.86,29466,210.4,-67.88,1123.31,13.57
GM0753,2021-07-24,Brabant-Zuidoost,Best,30.02,9,0,0.0,3294,30,0.91,10985.49,100.05,10.99,29985,210.12,-23.34,597.04,30.02
GM1669,2021-07-24,Limburg-Noord,Roerdalen,53.47,11,0,0.0,2181,35,1.6,10601.79,170.13,10.6,20572,209.01,48.61,379.12,43.75
GM1640,2021-07-24,Limburg-Noord,Leudal,27.86,10,0,0.0,4255,52,1.22,11853.69,144.86,11.85,35896,208.94,11.15,395.59,25.07
GM0085,2021-07-24,Fryslân,Ooststellingwerf,47.11,12,0,0.0,1606,6,0.37,6304.96,23.56,6.3,25472,208.07,-11.78,533.93,47.11
GM0285,2021-07-24,Noord-en-Oost-Gelderland,Voorst,16.3,4,0,0.0,2089,29,1.39,8510.55,118.15,8.51,24546,207.77,-28.51,757.74,16.3
GM0556,2021-07-24,Rotterdam-Rijnmond,Maassluis,42.15,14,0,0.0,3744,34,0.91,11271.68,102.36,11.27,33216,207.74,24.09,445.53,42.15
GM0232,2021-07-24,Noord-en-Oost-Gelderland,Epe,9.04,3,0,0.0,2911,52,1.79,8771.77,156.69,8.77,33186,204.91,-12.05,533.34,9.04
GM1724,2021-07-24,Brabant-Zuidoost,Bergeijk,5.37,1,0,0.0,2388,11,0.46,12812.53,59.02,12.81,18638,203.89,-37.55,552.69,5.37
GM1730,2021-07-24,Drenthe,Tynaarlo,8.86,3,0,0.0,1802,24,1.33,5318.93,70.84,5.32,33879,203.67,-32.46,690.69,0.0
GM0090,2021-07-24,Fryslân,Smallingerland,17.81,10,0,0.0,3860,34,0.88,6873.95,60.55,6.87,56154,203.02,-49.86,751.5,17.81
GM0106,2021-07-24,Drenthe,Assen,32.07,22,0,0.0,4202,15,0.36,6124.83,21.86,6.12,68606,202.61,-1.45,569.93,32.07
GM1978,2021-07-24,Zuid-Holland-Zuid,Molenlanden,18.21,8,0,0.0,6046,35,0.58,13762.49,79.67,13.76,43931,202.59,-29.59,707.91,18.21
GM1900,2021-07-24,Fryslân,Súdwest-Fryslân,24.45,22,0,0.0,8356,90,1.08,9285.79,100.01,9.29,89987,202.26,-26.67,610.08,24.45
GM0856,2021-07-24,Brabant-Noord,Uden,26.11,11,0,0.0,4519,86,1.9,10728.36,204.17,10.73,42122,201.79,-9.5,446.31,26.11
GM0275,2021-07-24,Gelderland-Midden,Rheden,9.15,4,0,0.0,3844,58,1.51,8789.1,132.61,8.79,43736,201.22,-43.44,530.48,9.15
GM0302,2021-07-24,Noord-en-Oost-Gelderland,Nunspeet,14.37,4,0,0.0,2547,32,1.26,9147.06,114.92,9.15,27845,201.12,-21.54,610.54,3.6
GM0815,2021-07-24,Brabant-Noord,Mill en Sint Hubert,45.7,5,0,0.0,1290,10,0.78,11790.51,91.4,11.79,10941,201.08,18.28,365.6,45.7
GM1655,2021-07-24,Midden-en-West-Brabant,Halderberge,29.73,9,0,0.0,3317,27,0.81,10955.51,89.18,10.96,30277,198.18,-36.33,898.39,29.73
GM0981,2021-07-24,Zuid-Limburg,Vaals,19.8,2,0,0.0,742,14,1.89,7347.26,138.63,7.35,10099,198.04,19.8,277.24,19.8
GM0848,2021-07-24,Brabant-Zuidoost,Son en Breugel,11.55,2,0,0.0,1649,28,1.7,9520.24,161.65,9.52,17321,196.3,-75.05,617.74,11.55
GM0907,2021-07-24,Limburg-Noord,Gennep,17.73,3,0,0.0,1888,19,1.01,11155.76,112.27,11.16,16924,195.0,-88.63,543.63,17.73
GM0505,2021-07-24,Zuid-Holland-Zuid,Dordrecht,13.41,16,0,0.0,15148,181,1.19,12697.4,151.72,12.7,119300,194.46,-20.96,571.65,8.38
GM0928,2021-07-24,Zuid-Limburg,Kerkrade,26.23,12,0,0.0,4202,96,2.28,9185.9,209.86,9.19,45744,192.36,15.3,295.12,21.86
GM0513,2021-07-24,Hollands Midden,Gouda,14.98,11,0,0.0,8295,160,1.93,11294.47,217.86,11.29,73443,190.62,-27.23,555.51,12.26
GM0294,2021-07-24,Noord-en-Oost-Gelderland,Winterswijk,27.72,8,0,0.0,2259,17,0.75,7826.09,58.89,7.83,28865,190.54,-34.64,502.33,27.72
GM0243,2021-07-24,Noord-en-Oost-Gelderland,Harderwijk,18.58,9,0,0.0,4644,48,1.03,9589.3,99.11,9.59,48429,189.95,-20.65,540.94,16.52
GM0867,2021-07-24,Midden-en-West-Brabant,Waalwijk,24.68,12,0,0.0,5783,77,1.33,11894.28,158.37,11.89,48620,189.21,-14.4,454.54,18.51
GM0060,2021-07-24,Fryslân,Ameland,26.9,1,0,0.0,271,1,0.37,7288.86,26.9,7.29,3718,188.28,0.0,1721.38,26.9
GM1931,2021-07-24,Hollands Midden,Krimpenerwaard,24.86,14,0,0.0,6749,64,0.95,11983.52,113.64,11.98,56319,186.45,-30.18,600.16,24.86
GM0420,2021-07-24,Noord-Holland-Noord,Medemblik,19.95,9,0,0.0,5642,26,0.46,12508.87,57.64,12.51,45104,186.23,-11.09,436.76,17.73
GM1955,2021-07-24,Noord-en-Oost-Gelderland,Montferland,16.66,6,0,0.0,3313,24,0.72,9200.48,66.65,9.2,36009,186.06,-27.77,552.64,16.66
GM1911,2021-07-24,Noord-Holland-Noord,Hollands Kroon,22.71,11,0,0.0,4670,34,0.73,9641.99,70.2,9.64,48434,185.82,-4.13,402.6,16.52
GM0340,2021-07-24,Utrecht,Rhenen,4.97,1,0,0.0,2545,21,0.83,12645.96,104.35,12.65,20125,183.84,-29.81,412.42,4.97
GM0080,2021-07-24,Fryslân,Leeuwarden,16.93,21,0,0.0,8190,74,0.9,6601.75,59.65,6.6,124058,183.78,-21.76,467.5,16.12
GM1901,2021-07-24,Hollands Midden,Bodegraven-Reeuwijk,25.81,9,0,0.0,4283,37,0.86,12283.12,106.11,12.28,34869,183.56,-37.28,705.53,17.21
GM0279,2021-07-24,Gelderland-Midden,Scherpenzeel,20.24,2,0,0.0,1145,12,1.05,11589.07,121.46,11.59,9880,182.18,0.0,738.85,20.24
GM1961,2021-07-24,Utrecht,Vijfheerenlanden,17.6,10,0,0.0,6634,76,1.15,11676.29,133.77,11.68,56816,181.28,-38.72,587.84,15.84
GM0203,2021-07-24,Gelderland-Midden,Barneveld,22.01,13,0,0.0,8172,64,0.78,13832.79,108.33,13.83,59077,181.12,5.08,516.28,15.24
GM0166,2021-07-24,IJsselland,Kampen,18.4,10,0,0.0,4004,44,1.1,7368.42,80.97,7.37,54340,180.34,-12.88,458.2,14.72
GM0171,2021-07-24,Flevoland,Noordoostpolder,8.46,4,0,0.0,3722,28,0.75,7875.25,59.24,7.88,47262,179.84,-42.32,412.6,8.46
GM0118,2021-07-24,Drenthe,Hoogeveen,12.57,7,0,0.0,4922,41,0.83,8837.1,73.61,8.84,55697,179.55,-28.72,542.21,12.57
GM1949,2021-07-24,Fryslân,Waadhoeke,30.38,14,0,0.0,3103,37,1.19,6734.09,80.3,6.73,46079,177.94,10.85,297.29,30.38
GM0197,2021-07-24,Noord-en-Oost-Gelderland,Aalten,29.5,8,0,0.0,2623,22,0.84,9672.9,81.13,9.67,27117,177.01,-14.75,660.11,29.5
GM0823,2021-07-24,Brabant-Zuidoost,Oirschot,48.07,9,0,0.0,2493,27,1.08,13315.17,144.21,13.32,18723,176.26,-37.39,507.41,32.05
GM0755,2021-07-24,Brabant-Noord,Boekel,27.82,3,0,0.0,1121,23,2.05,10395.03,213.28,10.4,10784,176.18,9.27,491.47,27.82
GM0400,2021-07-24,Noord-Holland-Noord,Den Helder,21.31,12,0,0.0,5617,39,0.69,9976.02,69.27,9.98,56305,175.82,1.77,461.76,15.98
GM0820,2021-07-24,Brabant-Zuidoost,"Nuenen, Gerwen en Nederwetten",51.33,12,0,0.0,2326,22,0.95,9949.1,94.1,9.95,23379,175.36,0.0,675.81,51.33
GM0301,2021-07-24,Noord-en-Oost-Gelderland,Zutphen,12.52,6,0,0.0,3462,29,0.84,7221.23,60.49,7.22,47942,175.22,-33.37,548.61,12.52
GM0677,2021-07-24,Zeeland,Hulst,14.52,4,0,0.0,1951,13,0.67,7080.13,47.18,7.08,27556,174.19,-29.03,486.3,14.52
GM0627,2021-07-24,Hollands Midden,Waddinxveen,17.07,5,0,0.0,3196,16,0.5,10910.46,54.62,10.91,29293,174.11,-17.07,477.94,13.66
GM0873,2021-07-24,Midden-en-West-Brabant,Woensdrecht,9.14,2,0,0.0,2085,26,1.25,9527.94,118.81,9.53,21883,173.66,-18.28,502.7,4.57
GM0158,2021-07-24,Twente,Haaksbergen,4.11,1,0,0.0,2835,32,1.13,11662.35,131.64,11.66,24309,172.77,-32.91,707.55,4.11
GM1884,2021-07-24,Hollands Midden,Kaag en Braassem,29.3,8,0,0.0,2794,10,0.36,10234.43,36.63,10.23,27300,172.16,-7.33,652.01,25.64
GM0995,2021-07-24,Flevoland,Lelystad,20.35,16,0,0.0,6303,62,0.98,8017.15,78.86,8.02,78619,171.7,0.0,385.38,19.08
GM1702,2021-07-24,Brabant-Noord,Sint Anthonis,0.0,0,0,0.0,1276,11,0.86,10932.15,94.24,10.93,11672,171.36,-51.41,411.27,0.0
GM1700,2021-07-24,Twente,Twenterand,11.85,4,0,0.0,4764,30,0.63,14118.48,88.91,14.12,33743,168.92,-11.86,453.41,11.85
GM0230,2021-07-24,Noord-en-Oost-Gelderland,Elburg,34.54,8,0,0.0,2222,14,0.63,9593.71,60.45,9.59,23161,168.39,0.0,561.31,25.9
GM0664,2021-07-24,Zeeland,Goes,10.5,4,0,0.0,2994,31,1.04,7862.39,81.41,7.86,38080,168.06,0.0,606.6,5.25
GM1708,2021-07-24,IJsselland,Steenwijkerland,6.8,3,0,0.0,3402,27,0.79,7707.47,61.17,7.71,44139,167.66,-11.32,355.71,4.53
GM0233,2021-07-24,Noord-en-Oost-Gelderland,Ermelo,7.41,2,0,0.0,2581,34,1.32,9557.49,125.9,9.56,27005,166.63,-18.51,411.03,7.41
GM0861,2021-07-24,Brabant-Zuidoost,Veldhoven,11.0,5,0,0.0,5317,50,0.94,11696.51,109.99,11.7,45458,165.0,-33.0,446.6,11.0
GM1895,2021-07-24,Groningen,Oldambt,13.08,5,0,0.0,2969,37,1.25,7769.61,96.83,7.77,38213,164.86,-5.24,314.03,13.08
GM1859,2021-07-24,Noord-en-Oost-Gelderland,Berkelland,18.29,8,0,0.0,4190,42,1.0,9577.58,96.0,9.58,43748,164.59,-38.86,594.32,16.0
GM0523,2021-07-24,Zuid-Holland-Zuid,Hardinxveld-Giessendam,10.93,2,0,0.0,2875,25,0.87,15714.68,136.65,15.71,18295,163.98,-32.8,519.29,10.93
GM1581,2021-07-24,Utrecht,Utrechtse Heuvelrug,22.18,11,0,0.0,4422,73,1.65,8915.14,147.17,8.92,49601,161.29,-4.03,590.72,24.2
GM0175,2021-07-24,IJsselland,Ommen,0.0,0,0,0.0,1560,16,1.03,8663.3,88.85,8.66,18007,161.05,-16.66,377.62,-11.11
GM0047,2021-07-24,Groningen,Veendam,18.26,5,0,0.0,2062,11,0.53,7529.12,40.17,7.53,27387,160.67,-43.81,511.19,14.61
GM0059,2021-07-24,Fryslân,Achtkarspelen,17.96,5,0,0.0,2446,39,1.59,8787.18,140.11,8.79,27836,158.06,-28.74,488.53,17.96
GM0312,2021-07-24,Utrecht,Bunnik,52.66,8,0,0.0,1286,12,0.93,8465.54,78.99,8.47,15191,157.99,0.0,796.5,52.66
GM0589,2021-07-24,Utrecht,Oudewater,9.78,1,0,0.0,1117,12,1.07,10923.14,117.35,10.92,10226,156.47,-88.01,655.22,9.78
GM1714,2021-07-24,Zeeland,Sluis,8.61,2,0,0.0,1548,18,1.16,6667.53,77.53,6.67,23217,155.05,0.0,366.1,12.92
GM0303,2021-07-24,Flevoland,Dronten,21.65,9,0,0.0,3324,25,0.75,7996.34,60.14,8.0,41569,153.96,-9.62,495.58,21.65
GM0809,2021-07-24,Midden-en-West-Brabant,Loon op Zand,17.09,4,0,0.0,2861,37,1.29,12222.84,158.07,12.22,23407,153.81,-59.81,452.86,17.09
GM1731,2021-07-24,Drenthe,Midden-Drenthe,6.03,2,0,0.0,2179,30,1.38,6566.81,90.41,6.57,33182,153.7,-15.07,337.52,6.03
GM0297,2021-07-24,Gelderland-Zuid,Zaltbommel,24.22,7,0,0.0,4028,42,1.04,13937.23,145.32,13.94,28901,152.24,6.92,474.02,20.76
GM1711,2021-07-24,Limburg-Noord,Echt-Susteren,15.81,5,0,0.0,3254,36,1.11,10291.61,113.86,10.29,31618,151.81,-3.17,328.93,12.65
GM0313,2021-07-24,Utrecht,Bunschoten,32.01,7,0,0.0,4362,39,0.89,19947.87,178.35,19.95,21867,150.91,-13.72,448.15,32.01
GM1676,2021-07-24,Zeeland,Schouwen-Duiveland,8.86,3,0,0.0,2317,25,1.08,6843.29,73.84,6.84,33858,150.63,-32.49,395.76,5.91
GM0352,2021-07-24,Utrecht,Wijk bij Duurstede,25.09,6,0,0.0,2076,17,0.82,8682.56,71.1,8.68,23910,150.57,-25.1,572.95,25.09
GM1979,2021-07-24,Groningen,Eemsdelta,15.27,7,0,0.0,2993,23,0.77,6528.8,50.17,6.53,45843,150.51,-4.36,329.38,15.27
GM1876,2021-07-24,Noord-en-Oost-Gelderland,Bronckhorst,13.87,5,0,0.0,3293,21,0.64,9134.03,58.25,9.13,36052,149.79,-13.87,513.17,8.32
GM0703,2021-07-24,Zeeland,Reimerswaal,17.6,4,0,0.0,3145,17,0.54,13837.56,74.8,13.84,22728,149.6,8.8,347.6,17.6
GM0037,2021-07-24,Groningen,Stadskanaal,12.62,4,0,0.0,2624,20,0.76,8280.74,63.12,8.28,31688,145.15,-9.47,293.47,12.62
GM0532,2021-07-24,Noord-Holland-Noord,Stede Broec,4.6,1,0,0.0,2740,15,0.55,12606.98,69.02,12.61,21734,142.63,-41.41,432.48,0.0
GM0687,2021-07-24,Zeeland,Middelburg,16.39,8,0,0.0,3805,25,0.66,7795.53,51.22,7.8,48810,141.37,-14.34,463.04,14.34
GM1680,2021-07-24,Drenthe,Aa en Hunze,11.79,3,0,0.0,1571,20,1.27,6172.16,78.58,6.17,25453,137.52,-3.93,542.2,11.79
GM0335,2021-07-24,Utrecht,Montfoort,21.55,3,0,0.0,1534,8,0.52,11020.11,57.47,11.02,13920,136.5,-43.11,675.29,21.55
GM0715,2021-07-24,Zeeland,Terneuzen,16.53,9,0,0.0,4310,29,0.67,7917.26,53.27,7.92,54438,135.93,-7.35,281.04,16.53
GM0269,2021-07-24,Noord-en-Oost-Gelderland,Oldebroek,21.15,5,0,0.0,2352,30,1.28,9947.13,126.88,9.95,23645,135.35,-25.37,380.67,21.15
GM0098,2021-07-24,Fryslân,Weststellingwerf,15.43,4,0,0.0,1927,29,1.5,7435.56,111.9,7.44,25916,131.19,0.0,335.73,3.85
GM1896,2021-07-24,IJsselland,Zwartewaterland,8.81,2,0,0.0,2544,30,1.18,11211.99,132.22,11.21,22690,127.81,-4.41,458.35,4.4
GM0160,2021-07-24,IJsselland,Hardenberg,11.49,7,0,0.0,6074,37,0.61,9967.18,60.72,9.97,60940,126.37,0.0,256.0,11.49
GM0119,2021-07-24,Drenthe,Meppel,8.85,3,0,0.0,2478,27,1.09,7309.3,79.64,7.31,33902,123.9,-41.29,342.19,8.85
GM0273,2021-07-24,Noord-en-Oost-Gelderland,Putten,16.59,4,0,0.0,2650,18,0.68,10989.92,74.65,10.99,24113,116.12,4.15,352.5,8.3
GM0737,2021-07-24,Fryslân,Tytsjerksteradiel,9.36,3,0,0.0,2107,28,1.33,6574.92,87.37,6.57,32046,112.32,-31.21,287.05,9.36
GM0899,2021-07-24,Zuid-Limburg,Brunssum,17.97,5,0,0.0,2905,52,1.79,10443.25,186.94,10.44,27817,111.43,-17.98,269.57,17.97
GM0678,2021-07-24,Zeeland,Kapelle,15.76,2,0,0.0,1124,6,0.53,8856.67,47.28,8.86,12691,110.32,0.0,480.68,-7.88
GM0339,2021-07-24,Utrecht,Renswoude,0.0,0,0,0.0,664,5,0.75,12187.96,91.78,12.19,5448,110.15,-36.71,789.33,-36.71
GM0765,2021-07-24,Groningen,Pekela,0.0,0,0,0.0,1065,13,1.22,8730.22,106.57,8.73,12199,106.56,-40.99,188.54,0.0
GM1690,2021-07-24,Drenthe,De Wolden,8.22,2,0,0.0,2129,24,1.13,8751.59,98.66,8.75,24327,102.75,-28.78,345.26,8.22
GM0882,2021-07-24,Zuid-Limburg,Landgraaf,8.01,3,0,0.0,3702,70,1.89,9883.33,186.88,9.88,37457,101.46,-10.68,242.97,8.01
GM0221,2021-07-24,Gelderland-Midden,Doesburg,9.03,1,0,0.0,844,9,1.07,7618.7,81.24,7.62,11078,99.29,-9.02,433.28,9.03
GM1950,2021-07-24,Groningen,Westerwolde,3.88,1,0,0.0,2429,21,0.86,9416.19,81.41,9.42,25796,96.93,-7.75,306.24,3.88
GM0718,2021-07-24,Zeeland,Vlissingen,6.76,3,0,0.0,3508,32,0.91,7907.13,72.13,7.91,44365,96.91,-18.03,279.47,2.25
GM0109,2021-07-24,Drenthe,Coevorden,2.83,1,0,0.0,3033,31,1.02,8593.04,87.83,8.59,35296,96.33,-8.5,354.14,2.83
GM0114,2021-07-24,Drenthe,Emmen,16.81,18,0,0.0,9440,79,0.84,8817.9,73.79,8.82,107055,95.27,-0.94,246.59,15.88
GM1740,2021-07-24,Gelderland-Zuid,Neder-Betuwe,16.43,4,0,0.0,3019,34,1.13,12402.43,139.68,12.4,24342,94.47,4.11,246.47,16.43
GM1695,2021-07-24,Zeeland,Noord-Beveland,0.0,0,0,0.0,587,9,1.53,7937.8,121.7,7.94,7395,81.14,-54.09,311.02,0.0
GM1970,2021-07-24,Fryslân,Noardeast-Fryslân,11.05,5,0,0.0,3405,38,1.12,7524.7,83.98,7.52,45251,79.56,-15.47,245.31,11.05
GM0246,2021-07-24,Noord-en-Oost-Gelderland,Heerde,0.0,0,0,0.0,1327,32,2.41,7139.4,172.16,7.14,18587,75.32,-16.14,231.34,0.0
GM1701,2021-07-24,Drenthe,Westerveld,0.0,0,0,0.0,1032,22,2.13,5303.19,113.05,5.3,19460,66.81,-35.97,231.26,0.0
GM1891,2021-07-24,Fryslân,Dantumadiel,5.29,1,0,0.0,1519,17,1.12,8030.24,89.87,8.03,18916,63.44,-10.57,190.33,5.29
GM1681,2021-07-24,Drenthe,Borger-Odoorn,7.83,2,0,0.0,1663,15,0.9,6506.77,58.69,6.51,25558,58.7,7.83,176.08,0.0
GM0180,2021-07-24,IJsselland,Staphorst,5.83,1,0,0.0,2431,21,0.86,14179.89,122.49,14.18,17144,58.34,-11.67,151.66,0.0
GM0184,2021-07-24,Flevoland,Urk,0.0,0,0,0.0,2639,19,0.72,12546.95,90.33,12.55,21033,14.25,-4.75,33.26,0.0
